{"cameraMode":{"drawMode":0,"name":"Shaded","section":"Shading Mode"},"sceneLighting":true,"audioPlay":false,"sceneViewState":{"m_AlwaysRefresh":false,"showFog":true,"showSkybox":true,"showFlares":true,"showImageEffects":true,"showParticleSystems":true,"showVisualEffectGraphs":true,"m_FxEnabled":true},"in2DMode":false,"pivot":{"x":3.228994369506836,"y":-1.5000643730163575,"z":13.435983657836914},"rotation":{"x":0.14911462366580964,"y":0.7058088779449463,"z":-0.15598122775554658,"w":0.6747423410415649},"size":5.106650352478027,"orthographic":false}